validation_data,loss_dec,loss,epoch
0.08972717342240845,0.7320746875861112,0.08972717342240845,0
0.024104250608669484,0.6560760911773232,0.020595553084550536,1
0.01821251992848428,0.398787320646293,0.012522661770858309,2
0.015419884694411475,0.19117909735616515,0.007315028527313296,3
0.013447406941422206,0.0797006989194094,0.003327087069491801,4
