validation_data,loss_dec,loss,epoch
0.07321095420047641,0.6733258059796166,0.07321095420047641,0
0.01457358181805295,0.6462841130354825,0.012951433965474065,1
0.010762396761599709,0.5144345480948687,0.008515176626507822,2
0.00907072754960288,0.2705501647433266,0.005251592147728575,3
0.008308661170303822,0.22237150986107093,0.0034407044294285324,4
