validation_data,loss_dec,loss,epoch
0.06378392817671685,0.8054455584462952,0.06378392817671685,0
0.010945737882352927,0.6969565904754049,0.010150503777207205,1
0.007129375836538041,0.7169419465696111,0.007145393598715172,2
0.005722029244198519,0.7502989587100113,0.006790605498655864,3
0.005116497563636478,0.7635702999199138,0.007131862202453811,4
