validation_data,loss_dec,loss,epoch
0.06981747438583304,0.7379148378968239,0.06981747438583304,0
0.014776573379469268,0.7171430009252885,0.013255544905619258,1
0.01106926882365609,0.6804673069101923,0.009363430881742662,2
0.009487592806930052,0.5347007315825013,0.007003241624368136,3
0.008686484125278452,0.41387320904280334,0.005048282700740588,4
