validation_data,loss_dec,loss,epoch
0.08967298752395436,0.7080350667238235,0.08967298752395436,0
0.025516342336777596,0.7200789228081703,0.021853232162538917,1
0.02276236770558171,0.7583351500332356,0.01669076193938963,2
0.021874347334960475,0.768601911701262,0.013361350673949345,3
0.021365589747438206,0.7359216493554414,0.010160491496208124,4
