validation_data,loss_dec,loss,epoch
0.06266822126310538,0.7869382846881362,0.06266822126310538,0
0.010969014701378696,0.7397919788080103,0.010254795947249103,1
0.00713907864273471,0.7165072097936097,0.007149476328563383,2
0.00572825239642578,0.7636788281447747,0.00687337396426729,3
0.005121472647742313,0.7707709374234957,0.007190462354200837,4
